{
 "corpus": {
  "gpt-3.5-turbo-0125/reflect": 1993,
  "gpt-3.5-turbo-0125/zero_shot": 2076,
  "gpt-5.4-nano/zero_shot": 1465,
  "human/zero_shot": 8648
 },
 "ac_rate": {
  "human": 53.4,
  "clean": 3.0,
  "modern": 31.5
 },
 "ac_by_band": {
  "human": {
   "<=1199": 59.3,
   "1200-1599": 49.5,
   "1600-1999": 42.9,
   "2000-2399": 55.5,
   "2400+": 53.3
  },
  "clean": {
   "<=1199": 7.6,
   "1200-1599": 0.8,
   "1600-1999": 0.4,
   "2000-2399": 3.6,
   "2400+": 1.0
  },
  "modern": {
   "<=1199": 55.0,
   "1200-1599": 43.8,
   "1600-1999": 21.2,
   "2000-2399": 35.0,
   "2400+": 12.3
  }
 },
 "verdict": {
  "human": {
   "WA": 94.6,
   "TLE": 0.9,
   "RE": 1.8,
   "CE": 2.6
  },
  "clean": {
   "WA": 90.0,
   "TLE": 1.3,
   "RE": 2.6,
   "CE": 6.1
  },
  "modern": {
   "WA": 93.5,
   "TLE": 0.9,
   "RE": 0.5,
   "CE": 5.1
  }
 },
 "family_gold": {
  "human": {
   "GE1": 20.0,
   "GE2": 10.8,
   "GE3": 3.6,
   "GE4": 2.0,
   "GE5": 9.2,
   "GE6": 6.4,
   "AE1": 32.4,
   "AE2": 7.6,
   "AE3": 0.0,
   "AE4": 0.0,
   "AE5": 8.0,
   "AE6": 0.0
  },
  "clean": {
   "GE1": 28.0,
   "GE2": 6.8,
   "GE3": 1.6,
   "GE4": 0.8,
   "GE5": 8.4,
   "GE6": 0.8,
   "AE1": 35.2,
   "AE2": 12.8,
   "AE3": 0.0,
   "AE4": 0.0,
   "AE5": 5.6,
   "AE6": 0.0
  },
  "modern": {
   "GE1": 31.9,
   "GE2": 4.8,
   "GE3": 2.4,
   "GE4": 0.4,
   "GE5": 9.2,
   "GE6": 0.8,
   "AE1": 33.4,
   "AE2": 9.3,
   "AE3": 0.0,
   "AE4": 0.0,
   "AE5": 7.7,
   "AE6": 0.0
  }
 },
 "rq1_stats": {
  "a1_human_vs_clean": [
   14.3,
   0.07535509497353592,
   8,
   0.239
  ],
  "a1_human_vs_modern": [
   13.5,
   0.09602095552500527,
   8,
   0.231
  ],
  "a2_human_vs_clean": [
   11.1,
   0.1952173696056753,
   8,
   0.211
  ],
  "a2_human_vs_modern": [
   14.5,
   0.0688098844642432,
   8,
   0.243
  ],
  "pooled_human_vs_clean": [
   15.0,
   0.059938105558598354,
   0.225
  ],
  "pooled_human_vs_modern": [
   20.0,
   0.010189517238148977,
   0.258
  ]
 },
 "ge_share": {
  "human": 52,
  "clean": 46,
  "modern": 50
 },
 "reflect_fix": {
  "overall": [
   83,
   2076
  ],
  "by_verdict": {
   "CE": [
    7,
    127
   ],
   "WA": [
    76,
    1867
   ],
   "RE": [
    0,
    55
   ],
   "TLE": [
    0,
    27
   ]
  }
 },
 "reflect_shift_ge": [
  61,
  61
 ],
 "kappa": {
  "human1_human2": {
   "leaf": 0.796,
   "family": 0.828,
   "microF1": 0.802
  },
  "judge_human1": {
   "leaf": 0.754,
   "family": 0.768,
   "microF1": 0.762
  },
  "judge_human2": {
   "leaf": 0.766,
   "family": 0.807,
   "microF1": 0.773
  }
 },
 "wei": {
  "GE": 63.3,
  "AE": 36.7,
  "GE1": 28.6,
  "GE2": 15.5,
  "GE3": 8.7,
  "GE4": 4.3,
  "GE5": 3.5,
  "GE6": 1.9,
  "AE1": 8.1
 },
 "top_leaves": {
  "human": [
   [
    "AE1.1",
    30
   ],
   [
    "GE5.1",
    9
   ],
   [
    "GE1.3",
    8
   ],
   [
    "AE5.2",
    8
   ]
  ],
  "clean": [
   [
    "AE1.1",
    34
   ],
   [
    "GE1.2",
    14
   ],
   [
    "AE2.1",
    13
   ],
   [
    "GE5.1",
    8
   ]
  ],
  "modern": [
   [
    "AE1.1",
    33
   ],
   [
    "GE1.2",
    13
   ],
   [
    "GE1.1",
    10
   ],
   [
    "GE5.1",
    9
   ]
  ]
 },
 "difficulty_dist": {
  "<=1199": 25,
  "1200-1599": 12,
  "1600-1999": 13,
  "2000-2399": 22,
  "2400+": 35
 },
 "reflect_sankey": {
  "stages": [
   "Initial",
   "Round 1",
   "Round 2",
   "Round 3"
  ],
  "N": 2076,
  "col": [
   {
    "AC": 0,
    "WA": 1867,
    "TLE": 27,
    "RE": 55,
    "CE": 127
   },
   {
    "AC": 53,
    "WA": 1879,
    "TLE": 22,
    "RE": 50,
    "CE": 72
   },
   {
    "AC": 73,
    "WA": 1854,
    "TLE": 21,
    "RE": 57,
    "CE": 71
   },
   {
    "AC": 83,
    "WA": 1845,
    "TLE": 25,
    "RE": 48,
    "CE": 75
   }
  ]
 },
 "reflect_sankey_diff": {
  "Easy": {
   "n": 700,
   "ac": [
    0,
    30,
    43,
    50
   ],
   "tle": [
    8,
    9,
    8,
    8
   ],
   "re": [
    26,
    19,
    14,
    13
   ],
   "ce": [
    34,
    16,
    21,
    24
   ]
  },
  "Medium": {
   "n": 683,
   "ac": [
    0,
    15,
    20,
    23
   ],
   "tle": [
    14,
    9,
    9,
    13
   ],
   "re": [
    18,
    19,
    27,
    21
   ],
   "ce": [
    39,
    25,
    25,
    25
   ]
  },
  "Hard": {
   "n": 693,
   "ac": [
    0,
    8,
    10,
    10
   ],
   "tle": [
    5,
    4,
    4,
    4
   ],
   "re": [
    11,
    12,
    16,
    14
   ],
   "ce": [
    54,
    31,
    25,
    26
   ]
  }
 },
 "judge_confusion": {
  "GE1": {
   "both": 174,
   "judge_only": 78,
   "human_only": 25
  },
  "GE2": {
   "both": 53,
   "judge_only": 27,
   "human_only": 3
  },
  "GE3": {
   "both": 2,
   "judge_only": 0,
   "human_only": 17
  },
  "GE4": {
   "both": 4,
   "judge_only": 2,
   "human_only": 4
  },
  "GE5": {
   "both": 67,
   "judge_only": 5,
   "human_only": 0
  },
  "GE6": {
   "both": 15,
   "judge_only": 3,
   "human_only": 5
  },
  "AE1": {
   "both": 182,
   "judge_only": 16,
   "human_only": 70
  },
  "AE2": {
   "both": 68,
   "judge_only": 6,
   "human_only": 6
  },
  "AE5": {
   "both": 44,
   "judge_only": 18,
   "human_only": 9
  }
 },
 "deconf": {
  "same_items": {
   "GE1": {
    "human": {
     "human": 20,
     "judge_gold": 26,
     "judge_only": 6
    },
    "clean": {
     "human": 28,
     "judge_gold": 34,
     "judge_only": 8
    },
    "modern": {
     "human": 32,
     "judge_gold": 41,
     "judge_only": 10
    }
   },
   "GE2": {
    "human": {
     "human": 11,
     "judge_gold": 14,
     "judge_only": 2
    },
    "clean": {
     "human": 7,
     "judge_gold": 10,
     "judge_only": 2
    },
    "modern": {
     "human": 5,
     "judge_gold": 9,
     "judge_only": 4
    }
   }
  },
  "judge_full_GE1": {
   "human": 51,
   "clean": 45,
   "modern": 52
  }
 },
 "rq1_power": {
  "full": {
   "human-clean": {
    "chi2": 134.6,
    "df": 8,
    "N": 10728,
    "V": 0.112,
    "p": 3.168774155673806e-25
   },
   "human-modern": {
    "chi2": 68.4,
    "df": 8,
    "N": 10118,
    "V": 0.082,
    "p": 1.0022688210747166e-11
   },
   "clean-modern": {
    "chi2": 30.7,
    "df": 7,
    "N": 3546,
    "V": 0.093,
    "p": 7.006288493257074e-05
   }
  },
  "gold_mde": 0.259,
  "full_mde": {
   "human-clean": 0.037,
   "human-modern": 0.039,
   "clean-modern": 0.064
  }
 }
}